id_feedback,data_feedback,canal,produto,texto_feedback
AV018,2026-08-11,Suporte,Aspirador Veloz,Comprei o Aspirador Veloz e me arrependi. Não entregou o que prometia e achei o preço alto pelo que oferece. O pior ponto foi autonomia da bateria.
AV027,2026-08-20,Marketplace,Smartwatch Orbit,"A entrega foi rápida, porém o produto veio com um pequeno defeito. No fim, no caso do Smartwatch Orbit, a experiência final foi ruim e eu não compraria de novo."
AV026,2026-08-19,Site,Smartwatch Orbit,Comprei o Smartwatch Orbit e me arrependi. Tive dificuldade para conectar e a experiência foi frustrante. O pior ponto foi sincronização com o app.
AV009,2026-08-02,App,Notebook Nimbus,"Comprei o Notebook Nimbus e gostei bastante. Atendeu exatamente o que eu precisava, fácil de configurar e usar. O ponto que mais me chamou atenção foi inicialização rápida."
AV029,2026-08-22,Marketplace,Notebook Nimbus,"Comprei o Notebook Nimbus e me arrependi. A qualidade do material decepcionou, parece frágil e barato. O pior ponto foi lentidão após atualização."
AV012,2026-08-05,App,Cafeteira Blend,"O atendimento foi ágil e conseguiu resolver minha dúvida na primeira tentativa. No caso do Cafeteira Blend, o destaque foi facilidade de limpeza. Resolveu meu problema sem complicação."
AV016,2026-08-09,App,App Finix,"Gostei do design, mas o desempenho ainda precisa melhorar. No fim, no caso do App Finix, a experiência final foi ruim e eu não compraria de novo."
AV025,2026-08-18,Marketplace,Aspirador Veloz,Comprei o Aspirador Veloz e me arrependi. O prazo não foi cumprido e não recebi nenhuma informação clara. O pior ponto foi encaixe dos acessórios.
AV007,2026-07-31,Suporte,App Finix,"Tem bons recursos, só que alguns deles não funcionam como esperado. Ainda assim, no caso do App Finix, a experiência final foi boa e eu voltaria a usar."
AV011,2026-08-04,Suporte,Notebook Nimbus,"Tem bons recursos, só que alguns deles não funcionam como esperado. Ainda assim, no caso do Notebook Nimbus, a experiência final foi boa e eu voltaria a usar."
AV020,2026-08-13,Marketplace,Notebook Nimbus,"O atendimento foi simpático, mas a solução demorou demais. No fim, no caso do Notebook Nimbus, a experiência final foi ruim e eu não compraria de novo."
AV005,2026-07-29,App,Notebook Nimbus,"Gostei do design, mas o desempenho ainda precisa melhorar. Ainda assim, no caso do Notebook Nimbus, a experiência final foi boa e eu voltaria a usar."
AV017,2026-08-10,App,App Finix,"App Finix: Depois de poucos dias começou a travar e ficou difícil usar no dia a dia. Além disso, falhas na notificação comprometeu bastante a experiência. Esperava algo mais estável pelo valor cobrado."
AV013,2026-08-06,Suporte,Fone Pulse,"Excelente custo-benefício, principalmente comparando com marcas maiores. No caso do Fone Pulse, o destaque foi conexão bluetooth. Resolveu meu problema sem complicação."
AV019,2026-08-12,Site,Cafeteira Blend,"No Cafeteira Blend, o problema principal foi fragilidade da jarra. Tive dificuldade para conectar e a experiência foi frustrante. A ideia é boa, porém a execução deixou muito a desejar."
AV002,2026-07-26,Suporte,Fone Pulse,"A experiência geral foi ótima, compraria novamente sem problemas. No caso do Fone Pulse, o destaque foi qualidade do microfone. Resolveu meu problema sem complicação."
AV001,2026-07-25,Site,Cafeteira Blend,"Depois da última atualização, o desempenho melhorou muito e os travamentos sumiram. No caso do Cafeteira Blend, o destaque foi preparo rápido. Mesmo com um detalhe pequeno, no geral a experiência foi muito boa."
AV028,2026-08-21,Site,App Finix,"O atendimento foi simpático, mas a solução demorou demais. No fim, no caso do App Finix, a experiência final foi ruim e eu não compraria de novo."
AV006,2026-07-30,Suporte,Aspirador Veloz,"Aspirador Veloz: Gostei bastante da qualidade do material, passou sensação de produto premium. Além disso, baixo ruído fez diferença no meu uso. A interface está bem mais organizada agora."
AV015,2026-08-08,Site,Smartwatch Orbit,"Smartwatch Orbit: Depois da última atualização, o desempenho melhorou muito e os travamentos sumiram. Além disso, pulseira confortável fez diferença no meu uso. Mesmo com um detalhe pequeno, no geral a experiência foi muito boa."
AV023,2026-08-16,Suporte,App Finix,"Comprei o App Finix e me arrependi. Usei pouco e já apresentou defeito, esperava bem mais da marca. O pior ponto foi travamentos no login."
AV030,2026-08-23,Marketplace,Notebook Nimbus,"No Notebook Nimbus, o problema principal foi lentidão após atualização. A bateria descarrega rápido demais e preciso recarregar várias vezes ao dia. Até funciona às vezes, mas na prática me deu mais dor de cabeça do que ajuda."
AV004,2026-07-28,App,App Finix,"App Finix: A embalagem veio bem protegida e o item chegou sem nenhum detalhe. Além disso, facilidade de navegação fez diferença no meu uso. Achei simples de usar e isso fez diferença pra mim."
AV014,2026-08-07,Suporte,Fone Pulse,"Depois da última atualização, o desempenho melhorou muito e os travamentos sumiram. No caso do Fone Pulse, o destaque foi qualidade do microfone. Resolveu meu problema sem complicação."
AV003,2026-07-27,Suporte,App Finix,"Comprei o App Finix e gostei bastante. Depois da última atualização, o desempenho melhorou muito e os travamentos sumiram. O ponto que mais me chamou atenção foi facilidade de navegação."
AV024,2026-08-17,Marketplace,Fone Pulse,"Tem bons recursos, só que alguns deles não funcionam como esperado. No fim, no caso do Fone Pulse, a experiência final foi ruim e eu não compraria de novo."
AV008,2026-08-01,Marketplace,Aspirador Veloz,"Comprei o Aspirador Veloz e gostei bastante. Excelente custo-benefício, principalmente comparando com marcas maiores. O ponto que mais me chamou atenção foi baixo ruído."
AV010,2026-08-03,Marketplace,Aspirador Veloz,"O atendimento foi ágil e conseguiu resolver minha dúvida na primeira tentativa. No caso do Aspirador Veloz, o destaque foi potência de sucção. Resolveu meu problema sem complicação."
AV022,2026-08-15,Marketplace,App Finix,"Tem bons recursos, só que alguns deles não funcionam como esperado. No fim, no caso do App Finix, a experiência final foi ruim e eu não compraria de novo."
AV021,2026-08-14,Suporte,Smartwatch Orbit,"No Smartwatch Orbit, o problema principal foi duração da bateria. Tive dificuldade para conectar e a experiência foi frustrante. No papel parecia ótimo, mas no uso real decepcionou."
